Nome da Notícia,Link da Matéria
,https://www.cnnbrasil.com.br/
Ao Vivo,https://www.cnnbrasil.com.br/ao-vivo/
Política,https://www.cnnbrasil.com.br/politica/
Eleições,https://www.cnnbrasil.com.br/eleicoes/
Eleições nos EUA,https://www.cnnbrasil.com.br/internacional/eleicoes-nos-eua-2024/
Nacional,https://www.cnnbrasil.com.br/nacional/
Economia,https://www.cnnbrasil.com.br/economia/
Notícias,https://www.cnnbrasil.com.br/economia/
Investimentos,https://www.cnnbrasil.com.br/economia/investimentos
Mercado,https://www.cnnbrasil.com.br/economia/mercado/ultimas-noticias/
Cotações,https://www.cnnbrasil.com.br/cotacoes/bolsa/
Loterias,https://www.cnnbrasil.com.br/economia/loterias/
Mega Sena,https://www.cnnbrasil.com.br/economia/loterias/megasena/
Quina,https://www.cnnbrasil.com.br/economia/loterias/quina/
Lotofacil,https://www.cnnbrasil.com.br/economia/loterias/lotofacil/
Lotomania,https://www.cnnbrasil.com.br/economia/loterias/lotomania/
Duplasena,https://www.cnnbrasil.com.br/economia/loterias/duplasena/
Loteria Federal,https://www.cnnbrasil.com.br/economia/loterias/federal/
Timemania,https://www.cnnbrasil.com.br/economia/loterias/timemania/
Loteca,https://www.cnnbrasil.com.br/economia/loterias/loteca/
Dia de Sorte,https://www.cnnbrasil.com.br/economia/loterias/diadesorte/
Super Sete,https://www.cnnbrasil.com.br/economia/loterias/supersete/
Internacional,https://www.cnnbrasil.com.br/internacional/
Entretenimento,https://www.cnnbrasil.com.br/pop/
Saúde,https://www.cnnbrasil.com.br/saude/
Esportes,https://www.cnnbrasil.com.br/esportes/
Notícias,https://www.cnnbrasil.com.br/esportes/
Futebol,https://www.cnnbrasil.com.br/esportes/futebol/
Basquete,https://www.cnnbrasil.com.br/esportes/basquete/
Automobilismo,https://www.cnnbrasil.com.br/esportes/automobilismo/
Tênis,https://www.cnnbrasil.com.br/esportes/tenis/
E-Sports,https://www.cnnbrasil.com.br/esportes/esports/
Especial SXSW,https://www.cnnbrasil.com.br/tecnologia/especial-sxsw
Tecnologia,https://www.cnnbrasil.com.br/tecnologia/
Lifestyle,https://www.cnnbrasil.com.br/lifestyle/
Viagem & Gastronomia,https://www.cnnbrasil.com.br/viagemegastronomia/
Fórum CNN,https://www.cnnbrasil.com.br/opiniao
Blogs CNN,https://www.cnnbrasil.com.br/blogs/
Programação,https://conteudos.cnnbrasil.com.br/programacao-cnn-brasil/
Equipe CNN Brasil,https://conteudos.cnnbrasil.com.br/equipe-cnn-brasil/
Newsletters,https://newsletter.cnnbrasil.com.br/
Colunistas,https://www.cnnbrasil.com.br/colunistas/
Sobre a CNN,https://conteudos.cnnbrasil.com.br/sobre-a-cnn-brasil/
Política de Privacidade,https://conteudos.cnnbrasil.com.br/privacidade/
Termos de Uso,https://conteudos.cnnbrasil.com.br/termos-de-uso-da-cnn-brasil/
Fale com a CNN,https://conteudos.cnnbrasil.com.br/fale-com-a-cnn/
Distribuição do Sinal,https://hotsite.cnnbrasil.com.br/distribuicao/
Faça parte da Equipe CNN,https://cnnbrasil.gupy.io/
Ao vivo,https://www.cnnbrasil.com.br/ao-vivo/
Política,https://www.cnnbrasil.com.br/politica/
Economia,https://www.cnnbrasil.com.br/economia/
Esportes,https://www.cnnbrasil.com.br/esportes/
Pop,https://www.cnnbrasil.com.br/pop/
Viagem & Gastronomia,https://www.cnnbrasil.com.br/viagemegastronomia/
Especial SXSW,https://www.cnnbrasil.com.br/tecnologia/especial-sxsw
Suécia entra oficialmente na Otan e se torna o 32º membro da aliança militar,https://www.cnnbrasil.com.br/internacional/suecia-entra-oficialmente-na-otan-e-se-torna-o-32o-membro-da-alianca/
Ucrânia diz que não pode descartar que Zelensky seria alvo de ataque em Odessa,https://www.cnnbrasil.com.br/internacional/ucrania-diz-que-nao-pode-descartar-que-zelensky-seria-alvo-de-ataque-em-odessa/
PT busca minimizar impactos do PL no comando da CCJ e da Comissão de Educação,https://www.cnnbrasil.com.br/politica/pt-busca-minimizar-impactos-do-pl-no-comando-da-ccj-e-da-comissao-de-educacao/
"À CNN, Nikolas fala em convocar ministro para comissão",https://www.cnnbrasil.com.br/blogs/debora-bergamasco/politica/a-cnn-nikolas-ferreira-fala-em-convocar-ministro-para-comissao-de-educacao/
Atuação de Nikolas em comissão preocupa integrantes do MEC,https://www.cnnbrasil.com.br/blogs/julliana-lopes/politica/atuacao-de-nikolas-ferreira-em-comissao-da-educacao-preocupa-integrantes-do-mec/
“Sobrevivente designado”; conheça protocolo da Guerra Fria adotado em discurso de Biden,https://www.cnnbrasil.com.br/internacional/sobrevivente-designado-conheca-protocolo-da-guerra-fria-adotado-em-discurso-de-biden/
Aliados de Biden imploram para ele ser mais firme e lutar mais,https://www.cnnbrasil.com.br/internacional/eleicoes-nos-eua-2024/aliados-de-biden-imploram-para-ele-ser-mais-firme-e-lutar-mais-discurso-do-estado-da-uniao-e-sua-chance/
Análise: EUA nunca tiveram um candidato como Trump,https://www.cnnbrasil.com.br/internacional/eleicoes-nos-eua-2024/analise-eua-nunca-tiveram-um-candidato-como-donald-trump/
Ver mais,https://www.cnnbrasil.com.br/blogs/
Gustavo UribeHaddad tenta limitar renúncia fiscal do Perse a R$ 8 bilhões,https://www.cnnbrasil.com.br/blogs/gustavo-uribe/economia/haddad-tenta-limitar-renuncia-fiscal-do-perse-a-r-8-bilhoes/
Tainá FalcãoDefinição de comissões fortalece Lira na busca de apoio para definir sucessor,https://www.cnnbrasil.com.br/blogs/taina-falcao/politica/definicao-de-comissoes-fortalece-lira-na-busca-de-apoio-da-oposicao-para-definir-sucessor/
"Pedro VenceslauAldo Rebelo ganha força como vice de Nunes, dizem fontes",https://www.cnnbrasil.com.br/blogs/pedro-venceslau/politica/aldo-rebelo-ganha-forca-como-vice-de-nunes-e-deve-coordenar-conselho-politico-da-campanha-dizem-fontes/
"Basília RodriguesApós reação, Planalto diz que fala de Lula sobre “choro” não era para Corina",https://www.cnnbrasil.com.br/blogs/basilia-rodrigues/politica/apos-reacao-planalto-diz-que-fala-de-lula-sobre-choro-nao-era-para-corina/
Pedro DuranZema poupa Lula de críticas ao PT e prioriza duas pautas econômicas,https://www.cnnbrasil.com.br/blogs/pedro-duran/politica/zema-poupa-lula-de-criticas-ao-pt-e-prioriza-duas-pautas-economicas-dizem-fontes/
"Clarissa OliveiraPara frear Centrão, Lula deve evitar até trocas pontuais na Esplanada, dizem fontes",https://www.cnnbrasil.com.br/blogs/clarissa-oliveira/politica/para-frear-centrao-lula-deve-evitar-ate-trocas-pontuais-na-esplanada-dizem-fontes/
"Larissa RodriguesAgro é maior que qualquer disputa política, diz novo presidente da Comissão de Agricultura",https://www.cnnbrasil.com.br/blogs/larissa-rodrigues/politica/o-agro-brasileiro-e-maior-que-qualquer-disputa-politica-afirma-novo-presidente-da-comissao-de-agricultura-da-camara/
"Débora BergamascoÀ CNN, Nikolas Ferreira fala em convocar ministro para Comissão de Educação",https://www.cnnbrasil.com.br/blogs/debora-bergamasco/politica/a-cnn-nikolas-ferreira-fala-em-convocar-ministro-para-comissao-de-educacao/
,https://www.cnnbrasil.com.br/politica/argentina-sem-desculpa-de-milei-lula-nao-tem-data-para-visitar-pais-vizinho/
"Sem desculpa de Javier Milei, Lula não tem data para visitar a Argentina",https://www.cnnbrasil.com.br/politica/argentina-sem-desculpa-de-milei-lula-nao-tem-data-para-visitar-pais-vizinho/
Planalto: Fala de Lula sobre oposição venezuelana não era para Corina,https://www.cnnbrasil.com.br/blogs/basilia-rodrigues/politica/apos-reacao-planalto-diz-que-fala-de-lula-sobre-choro-nao-era-para-corina/
Operação apura fraude em recuperação judicial de empresa de soja do Paraná,https://www.cnnbrasil.com.br/nacional/operacao-apura-fraude-em-recuperacao-judicial-de-empresa-de-soja-do-parana/
PRF troca tiros com milicianos ligados a Zinho no Rio; nove são presos,https://www.cnnbrasil.com.br/nacional/prf-troca-tiros-com-milicianos-em-rodovia-do-rio-de-janeiro/
,https://www.cnnbrasil.com.br/blogs/taina-falcao/politica/janja-reclama-que-esta-incomodada-mas-quando-lula-vai-ouvi-la/
Tainá Falcão,https://www.cnnbrasil.com.br/autor/taina-falcao/
"Janja reclama que está incomodada, mas quando Lula vai ouvi-la?",https://www.cnnbrasil.com.br/blogs/taina-falcao/politica/janja-reclama-que-esta-incomodada-mas-quando-lula-vai-ouvi-la/
Mãe e padrasto confessam ter matado menina de 3 anos em Santa Catarina,https://www.cnnbrasil.com.br/nacional/mae-e-padrasto-confessam-ter-matado-menina-de-3-anos-em-santa-catarina/
"“Não adianta querer unidade da base na PEC das Drogas”, diz Jaques Wagner",https://www.cnnbrasil.com.br/politica/nao-adianta-querer-unidade-da-base-na-pec-das-drogas-diz-jaques-wagner/
URIBE: Haddad tenta limitar renúncia fiscal do Perse a R$ 8 bilhões,https://www.cnnbrasil.com.br/blogs/gustavo-uribe/economia/haddad-tenta-limitar-renuncia-fiscal-do-perse-a-r-8-bilhoes/
,https://www.cnnbrasil.com.br/entretenimento/ex-malhacao-daniel-erthal-diz-ter-perdido-kombi-que-usava-para-vender-cerveja/
Ex-Malhação Daniel Erthal diz ter perdido Kombi que usava para vender cerveja,https://www.cnnbrasil.com.br/entretenimento/ex-malhacao-daniel-erthal-diz-ter-perdido-kombi-que-usava-para-vender-cerveja/
Saiba quais são os fatores que aumentam o risco de câncer conforme envelhecemos,https://www.cnnbrasil.com.br/saude/quais-sao-os-fatores-que-aumentam-o-risco-de-cancer-conforme-envelhecemos/
Estudo com IA revela que existem dois tipos de câncer de próstata,https://www.cnnbrasil.com.br/saude/estudo-com-ia-revela-que-existem-dois-tipos-de-cancer-de-prostata/
,https://www.cnnbrasil.com.br/viagemegastronomia/gastronomia/onde-comer/5-restaurantes-em-sp-recentemente-visitados-e-aprovados-por-daniela-filomeno/
Cinco restaurantes em São Paulo recentemente visitados e aprovados por Daniela Filomeno,https://www.cnnbrasil.com.br/viagemegastronomia/gastronomia/onde-comer/5-restaurantes-em-sp-recentemente-visitados-e-aprovados-por-daniela-filomeno/
Ver mais em Últimas Notícias,https://www.cnnbrasil.com.br/ultimas-noticias/
Netanyahu diz que Israel seguirá com ofensiva contra o Hamas,https://www.cnnbrasil.com.br/internacional/netanyahu-diz-que-israel-seguira-com-ofensiva-contra-o-hamas-incluindo-em-rafah/
Voo atrasa mais de 4 horas após passageiro jogar moedas no motor,https://www.cnnbrasil.com.br/internacional/china-voo-atrasa-mais-de-quatro-horas-apos-passageiro-jogar-moedas-no-motor/
Garoto surpreendido por leopardo prende o animal e consegue fugir,https://www.cnnbrasil.com.br/internacional/garoto-surpreendido-por-leopardo-age-rapido-prende-o-animal-e-consegue-fugir-assista/
Rússia avisa EUA que expulsará diplomatas em caso de interferência,https://www.cnnbrasil.com.br/internacional/russia-avisa-embaixador-dos-eua-que-expulsara-diplomatas-caso-interfiram-em-seus-assuntos-internos/
Ganhadores do Nobel alertam Milei contra cortes na ciência,https://www.cnnbrasil.com.br/internacional/quase-70-ganhadores-do-nobel-enviam-carta-a-milei-alertando-contra-ciencia-a-beira-do-precipicio/
Mais Internacional,https://www.cnnbrasil.com.br/internacional
Polícia investiga nova denúncia contra mascote do Inter,https://www.cnnbrasil.com.br/nacional/policia-investiga-nova-denuncia-de-importunacao-sexual-contra-mascote-do-inter/
Verstappen defende pai após polêmica: “Ele não é mentiroso”,https://www.cnnbrasil.com.br/esportes/verstappen-defende-pai-em-polemica-com-chefe-da-red-bull-ele-nao-e-mentiroso/
Neymar vai comprar o Santos? Presidente do clube não descarta,https://www.cnnbrasil.com.br/esportes/neymar-vai-comprar-o-santos-presidente-do-clube-nao-descarta/
"Ceni compara meia do Bahia a jogador do Bayern: ""Principal peça""",https://www.cnnbrasil.com.br/esportes/ceni-compara-meia-do-bahia-a-jogador-do-bayern-principal-peca/
Brasil x EUA: horário e onde assistir à final da Copa Ouro,https://www.cnnbrasil.com.br/esportes/brasil-x-estados-unidos-data-horario-e-onde-assistir-a-final-da-copa-ouro/
Mais Esportes,https://www.cnnbrasil.com.br/esportes
"Gisele se emociona ao falar sobre divórcio: ""Vivendo minha verdade""",https://www.cnnbrasil.com.br/entretenimento/gisele-bundchen-se-emociona-ao-falar-sobre-divorcio-vivendo-minha-verdade/
Preta Gil revela motivação para terminar casamento,https://www.cnnbrasil.com.br/entretenimento/preta-gil-revela-motivacao-para-terminar-casamento-estava-em-uma-uti/
Veja imagens de Wagner Moura e Kirsten Dunst em “Guerra Civil”,https://www.cnnbrasil.com.br/entretenimento/veja-novas-imagens-de-wagner-moura-e-kirsten-dunst-em-guerra-civil/
“Rebelde”: segunda temporada chega hoje (7) ao Globoplay,https://www.cnnbrasil.com.br/entretenimento/rebelde-segunda-temporada-chega-ao-globoplay-nesta-quinta-7/
Luísa Sonza posa ao lado de Katy Perry e Demi Lovato em prêmio,https://www.cnnbrasil.com.br/entretenimento/luisa-sonza-posa-ao-lado-de-katy-perry-kylie-minogue-e-demi-lovato-em-premiacao/
Mais Pop,https://www.cnnbrasil.com.br/pop
CNN Innovation,https://www.cnnbrasil.com.br/tecnologia/especial-sxsw
SXSW 2024: Brasil pode ter novo recorde de participantes,https://www.cnnbrasil.com.br/tecnologia/sxsw-2024-brasil-pode-ter-novo-recorde-de-participantes/
Robôs professores? “NAO” e “Pepper” são apresentados na SXSW EDU,https://www.cnnbrasil.com.br/tecnologia/robos-professores-nao-e-pepper-sao-apresentados-na-sxsw-edu/
CNN Brasil marca presença inédita no SXSW com estúdio direto de Austin,https://www.cnnbrasil.com.br/tecnologia/cnn-brasil-marca-presenca-inedita-no-sxsw-com-estudio-direto-de-austin/
SXSW 2024 terá debate sobre igualdade em saúde com participação brasileira,https://www.cnnbrasil.com.br/tecnologia/sxsw-2024-tera-debate-sobre-igualdade-em-saude-com-participacao-brasileira/
Economia,https://www.cnnbrasil.com.br/economia/
"Conscientização do investidor é “passo final” para debêntures de infraestrutura decolarem, diz gestora do Inter à CNN",https://www.cnnbrasil.com.br/economia/macroeconomia/conscientizacao-do-investidor-e-passo-final-para-debentures-de-infraestrutura-decolarem-diz-gestora-do-inter-a-cnn/
Espírito Santo fecha acordo com AGU para recuperar R$ 1 bi em royalties de petróleo,https://www.cnnbrasil.com.br/economia/espirito-santo-fecha-acordo-com-agu-para-recuperar-r-1-bi-em-royalties-de-petroleo/
Desenrola: dívidas podem ser negociadas pelos Correios,https://www.cnnbrasil.com.br/economia/financas/desenrola-dividas-podem-ser-negociadas-pelos-correios/
"Pedidos de recuperação judicial para produtores rurais cresceram 535% em 2023, diz Serasa",https://www.cnnbrasil.com.br/economia/negocios/pedidos-de-recuperacao-judicial-para-produtores-rurais-cresceram-535-em-2023-diz-serasa/
Produção de veículos salta mais de 24% em fevereiro ante janeiro,https://www.cnnbrasil.com.br/economia/macroeconomia/producao-de-veiculos-salta-mais-de-20-em-fevereiro-ante-janeiro/
Exportações da China superam previsões com retorno de demanda global,https://www.cnnbrasil.com.br/economia/macroeconomia/exportacoes-da-china-superam-previsoes-com-retorno-de-demanda-global/
Veja mais em Economia,https://www.cnnbrasil.com.br/economia/
Astrologia: quem nasce em ano bissexto tem qual tipo de personalidade?,https://www.cnnbrasil.com.br/lifestyle/astrologia-quem-nasce-em-ano-bissexto-tem-qual-tipo-de-personalidade/
Como designers estão mudando o conceito de vaso sanitário ao redor do mundo,https://www.cnnbrasil.com.br/lifestyle/como-designers-estao-mudando-o-conceito-de-vaso-sanitario-ao-redor-do-mundo/
Grandpacore: veja a tendência que te convida a se vestir como um vovô ou vovó,https://www.cnnbrasil.com.br/lifestyle/grandpacore-veja-a-tendencia-que-te-convida-a-se-vestir-como-um-vovo-ou-vovo/
Estátua do deus Apolo de três séculos retorna ao jardim de Versalhes após um ano,https://www.cnnbrasil.com.br/lifestyle/estatua-do-deus-apolo-de-tres-seculos-retorna-ao-jardim-de-versalhes-apos-um-ano/
Veja mais em CNN Brands,https://www.cnnbrasil.com.br
Viagem & Gastronomia,https://www.cnnbrasil.com.br/viagemegastronomia/
"Cenários de ""Duna: Parte 2"" vão de cemitério na Itália a desertos no Oriente Médio",https://www.cnnbrasil.com.br/viagemegastronomia/cultura/cenarios-de-duna-parte-2-vao-de-cemiterio-na-italia-a-desertos-no-oriente-medio/
"Rodrigo Castelo, do Ó Balcão, fala sobre primeira estrela Michelin em Portugal",https://www.cnnbrasil.com.br/viagemegastronomia/gastronomia/rodrigo-castelo-do-o-balcao-fala-sobre-primeira-estrela-michelin-em-portugal/
Oscar 2024: conheça os cenários dos principais filmes indicados à premiação,https://www.cnnbrasil.com.br/viagemegastronomia/cultura/oscar-2024-conheca-os-cenarios-dos-principais-filmes-indicados-a-premiacao/
"Páscoa: onde comprar ovos de chocolate sem glúten, lactose e açúcar refinado",https://www.cnnbrasil.com.br/viagemegastronomia/gastronomia/listas/pascoa-onde-comprar-ovos-de-chocolate-sem-gluten-lactose-e-acucar-refinado/
Menin Wine Company é eleita Produtora do Ano em tradicional prêmio português,https://www.cnnbrasil.com.br/viagemegastronomia/gastronomia/menin-wine-company-e-eleita-produtora-do-ano-em-tradicional-premio-portugues/
Da Itália à Turquia: 7 resorts luxuosos para férias com crianças na Europa,https://www.cnnbrasil.com.br/viagemegastronomia/criancas/da-italia-a-turquia-7-resorts-luxuosos-para-ferias-com-criancas-na-europa/
Veja mais em Viagem & Gastronomia,https://www.cnnbrasil.com.br/viagemegastronomia/
Ver mais destaques,https://www.cnnbrasil.com.br/ultimas-noticias/
Brasil atropela México e está na final da Copa Ouro Feminina,https://www.cnnbrasil.com.br/esportes/brasil-atropela-mexico-e-esta-na-final-da-copa-ouro-feminina/ 
Entenda como a Receita Federal sabe quando alguém sonega o IR,https://www.cnnbrasil.com.br/economia/financas/entenda-como-a-receita-federal-sabe-quando-alguem-sonega-o-ir/ 
"Após pedido de vista do STF, Senado quer aprovar PEC da criminalização da maconha na CCJ quarta que vem",https://www.cnnbrasil.com.br/politica/apos-pedido-de-vista-do-stf-senado-quer-aprovar-pec-da-criminalizacao-da-maconha-na-ccj-quarta-que-vem/ 
Jornal coloca ídolo do São Paulo entre piores contratações do PSG,https://www.cnnbrasil.com.br/esportes/jornal-coloca-idolo-do-sao-paulo-entre-piores-contratacoes-do-psg/ 
"Dakota Johnson fala sobre fracasso de ""Madame Teia"": ""Nunca mais""",https://www.cnnbrasil.com.br/entretenimento/dakota-johnson-fala-sobre-fracasso-de-madame-teia-nunca-mais/ 
Waack: Lula ajuda Maduro a vestir uma fantasia,https://www.cnnbrasil.com.br/internacional/waack-lula-ajuda-maduro-a-vestir-uma-fantasia/ 
Entenda como está o julgamento sobre descriminalização da maconha para consumo próprio,https://www.cnnbrasil.com.br/politica/entenda-como-esta-o-julgamento-sobre-descriminalizacao-da-maconha-para-consumo-proprio/ 
Polícia Civil descobre fábrica de perfumes falsificados em SP,https://www.cnnbrasil.com.br/nacional/policia-civil-descobre-fabrica-de-perfumes-falsificados-em-sp/ 
"Nove milicianos ligados a Zinho são presos em troca tiros com PRF, no Rio",https://www.cnnbrasil.com.br/nacional/prf-troca-tiros-com-milicianos-em-rodovia-do-rio-de-janeiro/ 
Estudo revela quantidade diária de passos que beneficia saúde do coração,https://www.cnnbrasil.com.br/saude/estudo-revela-quantidade-diaria-de-passos-que-beneficia-saude-do-coracao/ 
B3,https://www.cnnbrasil.com.br
Ir para CNN Economia,https://www.cnnbrasil.com.br/economia
Ver a Agenda completa,https://www.cnnbrasil.com.br/esportes/agenda/
termos e condições,https://conteudos.cnnbrasil.com.br/termos-de-uso-da-cnn-brasil/
Ver mais vídeos,https://www.youtube.com/@CNNbrasil
Ver mais Webstories,https://stories.cnnbrasil.com.br/
Quantas vezes um prefeito pode se reeleger? E um vereador?,https://stories.cnnbrasil.com.br/?p=273238
Arsenal tem mais gols em 2024 do que três times em toda a Premier League,https://stories.cnnbrasil.com.br/?p=277936
Wagner Moura participará de painel no festival SXSW; saiba mais,https://stories.cnnbrasil.com.br/?p=277838
Eleições municipais podem ter segundo turno em 100 cidades,https://stories.cnnbrasil.com.br/?p=271437
É crime eleitoral tirar foto da urna? O que é proibido na hora do voto,https://stories.cnnbrasil.com.br/?p=277932
Polo Robust: Volkswagen revela hatch criado para o campo,https://stories.cnnbrasil.com.br/?p=277853
Cientistas decifram segredo da formação das dunas mais altas da Terra,https://stories.cnnbrasil.com.br/?p=277839
Filme de Taylor Swift chega à Disney+ em março com faixas inéditas,https://stories.cnnbrasil.com.br/?p=277834
Quais filmes do Oscar ainda estão em cartaz?,https://stories.cnnbrasil.com.br/?p=277784
Egídio em “Renascer”: remake alterou o nome do personagem,https://stories.cnnbrasil.com.br/?p=277975
Nickelodeon vai lançar sequência de “Os Padrinhos Mágicos”,https://stories.cnnbrasil.com.br/?p=277962
“Wonka” estreia sem custo adicional no streaming em março,https://stories.cnnbrasil.com.br/?p=277946
Internacional,https://www.cnnbrasil.com.br/internacional/
Suécia entra oficialmente na Otan e se torna o 32º membro da aliança,https://www.cnnbrasil.com.br/internacional/suecia-entra-oficialmente-na-otan-e-se-torna-o-32o-membro-da-alianca/
Ucrânia diz que não pode descartar que Zelensky seria alvo de ataque em Odessa,https://www.cnnbrasil.com.br/internacional/ucrania-diz-que-nao-pode-descartar-que-zelensky-seria-alvo-de-ataque-em-odessa/
China: voo atrasa mais de quatro horas após passageiro jogar moedas no motor,https://www.cnnbrasil.com.br/internacional/china-voo-atrasa-mais-de-quatro-horas-apos-passageiro-jogar-moedas-no-motor/
"Garoto surpreendido por leopardo age rápido, prende o animal e consegue fugir; assista",https://www.cnnbrasil.com.br/internacional/garoto-surpreendido-por-leopardo-age-rapido-prende-o-animal-e-consegue-fugir-assista/
Bebês e crianças morrem de fome em meio a cerco de Israel a Gaza,https://www.cnnbrasil.com.br/internacional/bebes-e-criancas-morrem-de-fome-em-meio-a-cerco-de-israel-a-gaza/
"Netanyahu diz que Israel seguirá com ofensiva contra o Hamas, incluindo em Rafah",https://www.cnnbrasil.com.br/internacional/netanyahu-diz-que-israel-seguira-com-ofensiva-contra-o-hamas-incluindo-em-rafah/
Veja mais em Internacional,https://www.cnnbrasil.com.br/internacional/
Política,https://www.cnnbrasil.com.br/politica/
"Lava Jato no STF teve 47 inquéritos arquivados, 9 ações e 7 condenados",https://www.cnnbrasil.com.br/politica/lava-jato-no-stf-teve-47-inqueritos-arquivados-9-acoes-e-7-condenados/
"Argentina: sem desculpa de Milei, Lula não tem data para visitar país vizinho",https://www.cnnbrasil.com.br/politica/argentina-sem-desculpa-de-milei-lula-nao-tem-data-para-visitar-pais-vizinho/
"À CNN, Alberto Fraga diz que convidará Lewandowski para ir à Câmara",https://www.cnnbrasil.com.br/politica/a-cnn-alberto-fraga-diz-que-convidara-lewandowski-para-ir-a-camara/
"“Não adianta querer unidade da base na PEC das Drogas”, diz Jaques Wagner",https://www.cnnbrasil.com.br/politica/nao-adianta-querer-unidade-da-base-na-pec-das-drogas-diz-jaques-wagner/
"“Um mal educado na Comissão de Educação”, diz Gleisi sobre Nikolas Ferreira",https://www.cnnbrasil.com.br/politica/um-mal-educado-na-comissao-de-educacao-diz-gleisi-sobre-nikolas-ferreira/
PT busca minimizar impactos do PL no comando da CCJ e da Comissão de Educação,https://www.cnnbrasil.com.br/politica/pt-busca-minimizar-impactos-do-pl-no-comando-da-ccj-e-da-comissao-de-educacao/
Veja mais em Política,https://www.cnnbrasil.com.br/politica/
Saúde,https://www.cnnbrasil.com.br/saude/
"Veja 8 fatores determinantes para a obesidade, segundo pesquisa brasileira",https://www.cnnbrasil.com.br/saude/veja-8-fatores-determinantes-para-a-obesidade-segundo-pesquisa-brasileira/
Estudo com IA revela que existem dois tipos de câncer de próstata,https://www.cnnbrasil.com.br/saude/estudo-com-ia-revela-que-existem-dois-tipos-de-cancer-de-prostata/
Microplásticos encontrados nas artérias aumentam risco de infarto e AVC,https://www.cnnbrasil.com.br/saude/microplasticos-encontrados-nas-arterias-aumentam-risco-de-infarto-e-avc/
Novo medicamento experimental para obesidade supera semaglutida em teste inicial,https://www.cnnbrasil.com.br/saude/novo-medicamento-experimental-para-obesidade-supera-semaglutida-em-teste-inicial/
Estudo mapeia principais genes da resposta imune contra o vírus da dengue,https://www.cnnbrasil.com.br/saude/estudo-mapeia-principais-genes-da-resposta-imune-contra-o-virus-da-dengue/
Quais são os fatores que aumentam o risco de câncer conforme envelhecemos?,https://www.cnnbrasil.com.br/saude/quais-sao-os-fatores-que-aumentam-o-risco-de-cancer-conforme-envelhecemos/
Veja mais em Saúde,https://www.cnnbrasil.com.br/saude/
Auto,https://www.cnnbrasil.com.br/auto/
Dodge Charger: elétrico esportivo é revelado com comprimento de picape,https://www.cnnbrasil.com.br/auto/dodge-charger-eletrico-esportivo-e-revelado-com-comprimento-de-picape/
"Assim como no Brasil, carro popular pode chegar ao fim nos EUA; entenda",https://www.cnnbrasil.com.br/auto/assim-como-no-brasil-carro-popular-pode-chegar-ao-fim-nos-eua-entenda/
POP,https://www.cnnbrasil.com.br/pop/
“Fallout”: série baseada em jogo pós-apocalíptico ganha trailer; veja,https://www.cnnbrasil.com.br/entretenimento/fallout-serie-baseada-em-jogo-pos-apocaliptico-ganha-trailer-veja/
Zayn Malik anuncia single “What I Am” para a próxima semana,https://www.cnnbrasil.com.br/entretenimento/zayn-malik-anuncia-single-what-i-am-para-a-proxima-semana/
Ludmilla confirma apresentação no palco principal do Coachella,https://www.cnnbrasil.com.br/entretenimento/ludmilla-confirma-apresentacao-no-palco-principal-do-coachella/
Sete brothers ainda não ganharam a Prova do Líder no BBB24; descubra quem são,https://www.cnnbrasil.com.br/entretenimento/bbb/sete-brothers-ainda-nao-ganharam-a-prova-do-lider-no-bbb24-descubra-quem-sao/
Victor & Leo retomam carreira sertaneja em gravação de novo DVD,https://www.cnnbrasil.com.br/entretenimento/victor-leo-retomam-carreira-sertaneja-em-gravacao-de-novo-dvd/
Ivete Sangalo: venda geral da turnê de 30 anos começa nesta quinta (7),https://www.cnnbrasil.com.br/entretenimento/ivete-sangalo-venda-geral-da-turne-de-30-anos-comeca-nesta-quinta-7/
Veja mais em POP,https://www.cnnbrasil.com.br/pop/
BBB,https://www.cnnbrasil.com.br/entretenimento/bbb/
BBB24: Lucas diz que fará viagem com esposa para celebrar nove anos de casados,https://www.cnnbrasil.com.br/entretenimento/bbb/bbb24-lucas-diz-que-fara-viagem-com-esposa-para-celebrar-nove-anos-de-casados/
"BBB 24: Mani Reggo, namorada de Davi, estreia em comercial e mostra bastidores",https://www.cnnbrasil.com.br/entretenimento/bbb/bbb-24-mani-reggo-namorada-de-davi-estreia-em-comercial-e-mostra-bastidores/
Nacional,https://www.cnnbrasil.com.br/nacional/
Polícia prende suspeito de roubar Ozempic em farmácias de São Paulo,https://www.cnnbrasil.com.br/nacional/policia-prende-suspeito-de-roubar-ozempic-em-farmacias-de-sao-paulo/
Oitavo fugitivo do presídio de Minas Gerais é preso após se apresentar à polícia,https://www.cnnbrasil.com.br/nacional/oitavo-fugitivo-do-presidio-de-minas-gerais-e-preso-apos-se-apresentar-a-policia/
"Saiba quem é o bicheiro Bernardo Bello, procurado pela polícia do Rio de Janeiro",https://www.cnnbrasil.com.br/nacional/saiba-quem-e-o-bicheiro-bernardo-bello/
Líder do Comando Vermelho no Ceará é preso na Baixada Fluminense,https://www.cnnbrasil.com.br/nacional/lider-do-comando-vermelho-no-ceara-e-preso-na-baixada-fluminense/
Prefeitura do Rio fecha depósito usado por ambulantes e apreende 600 kg de alimentos,https://www.cnnbrasil.com.br/nacional/prefeitura-do-rio-fecha-deposito-usado-por-ambulantes-e-apreende-600-kg-de-alimentos/
Maurício Pestana: cultura e diversidade,https://www.cnnbrasil.com.br/nacional/mauricio-pestana-cultura-e-diversidade/
Veja mais em Nacional,https://www.cnnbrasil.com.br/nacional/
Tecnologia,https://www.cnnbrasil.com.br/tecnologia/
Apple: atualização iOS 17.4 traz camada extra de proteção contra roubos,https://www.cnnbrasil.com.br/tecnologia/apple-atualizacao-ios-17-4-traz-camada-extra-de-protecao-contra-roubos/
Ucrânia pode ter sido o primeiro lugar habitado por humanos na Europa,https://www.cnnbrasil.com.br/tecnologia/ucrania-pode-ter-sido-o-primeiro-lugar-habitado-por-humanos-na-europa/
Astrônomos descobrem a galáxia morta mais antiga do Universo,https://www.cnnbrasil.com.br/tecnologia/astronomos-descobrem-a-galaxia-morta-mais-antiga-do-universo/
Cientistas usam IA para reproduzir aromas que podem desaparecer,https://www.cnnbrasil.com.br/tecnologia/cientistas-usam-ia-para-reproduzir-aromas-que-podem-desaparecer/
Pesquisadora de Cambridge escapa de banheiro medieval com delineador e cotonete,https://www.cnnbrasil.com.br/tecnologia/pesquisadora-de-cambridge-escapa-de-banheiro-medieval-com-delineador-e-cotonete/
Google oferece prêmio de até R$ 25 milhões para algoritmo de computação quântica,https://www.cnnbrasil.com.br/tecnologia/google-oferece-premio-de-ate-r-25-milhoes-para-algoritmo-de-computacao-quantica/
Veja mais em Tecnologia,https://www.cnnbrasil.com.br/tecnologia/
,https://www.cnnbrasil.com.br/
CNN Ao vivo,https://www.cnnbrasil.com.br/ao-vivo/
Twitter,https://twitter.com/CNNBrasil
Facebook,https://www.facebook.com/cnnbrasil/
YouTube,https://www.youtube.com/CNNbrasil
Instagram,https://www.instagram.com/cnnbrasil/?hl=pt-br
LinkedIn,https://www.linkedin.com/company/cnnbrasil/
Pinterest,https://br.pinterest.com/cnnbrasilsoft/_created/
TikTok,https://www.tiktok.com/@cnnbrasil
WhatsApp,https://whatsapp.com/channel/0029Va7nLLu5PO10UIlHtS1h
Equipe CNN Brasil,https://conteudos.cnnbrasil.com.br/equipe-cnn-brasil/
Grade de Programação,https://conteudos.cnnbrasil.com.br/programacao-cnn-brasil/
Fórum CNN,https://www.cnnbrasil.com.br/opiniao
Colunistas,https://www.cnnbrasil.com.br/colunistas/
Newsletters,https://newsletter.cnnbrasil.com.br/
Mapa do site,https://www.cnnbrasil.com.br/sitemap_index.xml
Distribuição do Sinal,https://hotsite.cnnbrasil.com.br/distribuicao/
Editorias,https://www.cnnbrasil.com.br/
Ao Vivo,https://www.cnnbrasil.com.br/ao-vivo/
Política,https://www.cnnbrasil.com.br/politica/
Nacional,https://www.cnnbrasil.com.br/nacional/
Economia,https://www.cnnbrasil.com.br/economia/
Internacional,https://www.cnnbrasil.com.br/internacional/
Entretenimento,https://www.cnnbrasil.com.br/entretenimento
Esportes,https://www.cnnbrasil.com.br/esportes/
Saúde,https://www.cnnbrasil.com.br/saude/
Tecnologia,https://www.cnnbrasil.com.br/tecnologia/
Viagem & Gastronomia,https://www.cnnbrasil.com.br/viagemegastronomia/
LifeStyle,https://www.cnnbrasil.com.br/lifestyle/
Política,https://www.cnnbrasil.com.br/politica/
Eleições 2024,https://www.cnnbrasil.com.br/tudo-sobre/eleicoes-2024/
Governo Lula,https://www.cnnbrasil.com.br/tudo-sobre/governo-lula/
Câmara dos Deputados,https://www.cnnbrasil.com.br/tudo-sobre/camara-dos-deputados/
Senado Federal,https://www.cnnbrasil.com.br/tudo-sobre/senado-federal/
Supremo Tribunal Federal,https://www.cnnbrasil.com.br/tudo-sobre/supremo-tribunal-federal-stf/
Políticas Públicas,https://www.cnnbrasil.com.br/tudo-sobre/politicas-publicas/
Nacional,https://www.cnnbrasil.com.br/nacional/
Educação,https://www.cnnbrasil.com.br/tudo-sobre/educacao/
Segurança,https://www.cnnbrasil.com.br/tudo-sobre/seguranca/
Clima,https://www.cnnbrasil.com.br/tudo-sobre/clima/
Meio Ambiente,https://www.cnnbrasil.com.br/tudo-sobre/meio-ambiente/
Auxílio Brasil,https://www.cnnbrasil.com.br/tudo-sobre/auxilio-brasil/
São Paulo,https://www.cnnbrasil.com.br/tudo-sobre/sao-paulo-estado/
Rio de Janeiro,https://www.cnnbrasil.com.br/tudo-sobre/rio-de-janeiro-estado/
Minas Gerais,https://www.cnnbrasil.com.br/tudo-sobre/minas-gerais/
Brasília,https://www.cnnbrasil.com.br/tudo-sobre/brasilia/
Economia,https://www.cnnbrasil.com.br/economia/
Mercado,https://www.cnnbrasil.com.br/tudo-sobre/mercado/
Investimentos,https://www.cnnbrasil.com.br/tudo-sobre/investimentos/
Cotações,https://www.cnnbrasil.com.br/cotacoes
Banco Central,https://www.cnnbrasil.com.br/tudo-sobre/banco-central-bc/
Bolsa de Valores,https://www.cnnbrasil.com.br/tudo-sobre/bolsa-de-valores/
Imposto de Renda,https://www.cnnbrasil.com.br/tudo-sobre/imposto-de-renda/
Finanças Pessoais,https://www.cnnbrasil.com.br/tudo-sobre/financas-pessoais/
Loterias,https://www.cnnbrasil.com.br/economia/loterias/
Sustentabilidade,https://www.cnnbrasil.com.br/tudo-sobre/sustentabilidade/
Internacional,https://www.cnnbrasil.com.br/internacional/
Eleições EUA 2024,https://www.cnnbrasil.com.br/tudo-sobre/eleicoes-eua/
Guerra na Ucrânia,https://www.cnnbrasil.com.br/tudo-sobre/guerra-na-ucrania/
Guerra em Israel,https://www.cnnbrasil.com.br/tudo-sobre/guerra-de-israel/
Estados Unidos,https://www.cnnbrasil.com.br/tudo-sobre/estados-unidos/
Europa,https://www.cnnbrasil.com.br/tudo-sobre/europa/
Ásia,https://www.cnnbrasil.com.br/tudo-sobre/asia/
África,https://www.cnnbrasil.com.br/tudo-sobre/africa/
Oriente Médio,https://www.cnnbrasil.com.br/tudo-sobre/oriente-medio/
Rússia,https://www.cnnbrasil.com.br/tudo-sobre/russia/
China,https://www.cnnbrasil.com.br/tudo-sobre/china/
Entretenimento,https://www.cnnbrasil.com.br/entretenimento/
Big Brother Brasil,https://www.cnnbrasil.com.br/entretenimento/bbb/
Celebridades,https://www.cnnbrasil.com.br/tudo-sobre/celebridades/
Cinema,https://www.cnnbrasil.com.br/tudo-sobre/cinema/
Televisão,https://www.cnnbrasil.com.br/tudo-sobre/televisao/
Streaming,https://www.cnnbrasil.com.br/tudo-sobre/streaming/
Shows,https://www.cnnbrasil.com.br/tudo-sobre/shows/
Carnaval 2024,https://www.cnnbrasil.com.br/tudo-sobre/carnaval/
Música,https://www.cnnbrasil.com.br/tudo-sobre/musica/
Horóscopo,https://www.cnnbrasil.com.br/tudo-sobre/horoscopo/
Esportes,https://www.cnnbrasil.com.br/esportes/
Agenda de Jogos,https://www.cnnbrasil.com.br/esportes/agenda/
Tabela Brasileirão Série A,https://www.cnnbrasil.com.br/esportes/futebol/tabela-brasileirao-serie-a/
Tabela Brasileirão Série B,https://www.cnnbrasil.com.br/esportes/futebol/tabela-brasileirao-serie-b/
Tabela Eliminatórias 2026,https://www.cnnbrasil.com.br/esportes/futebol/tabela-eliminatorias-2026/
Copa Libertadores da América,https://www.cnnbrasil.com.br/tudo-sobre/copa-libertadores-da-america/
Olimpíadas,https://www.cnnbrasil.com.br/tudo-sobre/olimpiadas/
Basquete,https://www.cnnbrasil.com.br/tudo-sobre/basquete/
Vôlei,https://www.cnnbrasil.com.br/tudo-sobre/volei/
Automobilismo,https://www.cnnbrasil.com.br/tudo-sobre/automobilismo/
Golf,https://www.cnnbrasil.com.br/tudo-sobre/golf/
e-Sports,https://www.cnnbrasil.com.br/tudo-sobre/esports/
Saúde,https://www.cnnbrasil.com.br/saude/
Roberto Kalil - Sinais Vitais,https://www.cnnbrasil.com.br/tudo-sobre/cnn-sinais-vitais/
Alimentação,https://www.cnnbrasil.com.br/tudo-sobre/alimentacao/
Exercícios Físicos,https://www.cnnbrasil.com.br/tudo-sobre/exercicios-fisicos/
Vacinação,https://www.cnnbrasil.com.br/tudo-sobre/vacinacao/
Câncer,https://www.cnnbrasil.com.br/tudo-sobre/cancer/
Drogas,https://www.cnnbrasil.com.br/tudo-sobre/drogas/
Obesidade,https://www.cnnbrasil.com.br/tudo-sobre/obesidade/
Tecnologia,https://www.cnnbrasil.com.br/tecnologia/
Inteligência Artificial,https://www.cnnbrasil.com.br/tudo-sobre/inteligencia-artificial/
Nasa,https://www.cnnbrasil.com.br/tudo-sobre/nasa/
Ciência,https://www.cnnbrasil.com.br/tudo-sobre/ciencia/
Curiosidades,https://www.cnnbrasil.com.br/tudo-sobre/curiosidades/
Viagem & Gastronomia,https://www.cnnbrasil.com.br/viagemegastronomia/
Viagem,https://www.cnnbrasil.com.br/viagemegastronomia/viagem/
Gastronomia,https://www.cnnbrasil.com.br/viagemegastronomia/gastronomia/
Hotéis,https://www.cnnbrasil.com.br/viagemegastronomia/hoteis/
Insiders,https://www.cnnbrasil.com.br/viagemegastronomia/insiders/
Sobre a CNN Brasil,https://conteudos.cnnbrasil.com.br/sobre-a-cnn-brasil/
Aviso Legal e Política de Privacidade,https://conteudos.cnnbrasil.com.br/privacidade/
Termos de Uso,https://conteudos.cnnbrasil.com.br/termos-de-uso-da-cnn-brasil/
Fale com a CNN,https://conteudos.cnnbrasil.com.br/fale-com-a-cnn/
Faça parte da Equipe CNN,https://cnnbrasil.gupy.io/
